PRAGMA foreign_keys=OFF;
BEGIN TRANSACTION;
CREATE TABLE IF NOT EXISTS "migrations" ("id" integer primary key autoincrement not null, "migration" varchar not null, "batch" integer not null);
INSERT INTO migrations VALUES(1,'0001_01_01_000000_create_users_table',1);
INSERT INTO migrations VALUES(2,'0001_01_01_000001_create_cache_table',1);
INSERT INTO migrations VALUES(3,'0001_01_01_000002_create_jobs_table',1);
INSERT INTO migrations VALUES(4,'2024_10_13_234838_create_families_table',1);
INSERT INTO migrations VALUES(5,'2024_10_13_235122_create_family_members_table',1);
CREATE TABLE IF NOT EXISTS "users" ("id" integer primary key autoincrement not null, "name" varchar not null, "email" varchar not null, "email_verified_at" datetime, "password" varchar not null, "remember_token" varchar, "created_at" datetime, "updated_at" datetime);
CREATE TABLE IF NOT EXISTS "password_reset_tokens" ("email" varchar not null, "token" varchar not null, "created_at" datetime, primary key ("email"));
CREATE TABLE IF NOT EXISTS "sessions" ("id" varchar not null, "user_id" integer, "ip_address" varchar, "user_agent" text, "payload" text not null, "last_activity" integer not null, primary key ("id"));
INSERT INTO sessions VALUES('HpJCy6rCygFDPIVyX1D1ozjQCyFLoUXv6z6MhP97',NULL,'127.0.0.1','Mozilla/5.0 (X11; Ubuntu; Linux x86_64; rv:131.0) Gecko/20100101 Firefox/131.0','YTozOntzOjY6Il90b2tlbiI7czo0MDoiMTR3NDE5TDJmb3o3ek0wRTFSS2ZCZ044UmdhcUp4SEljUERuVU93NiI7czo5OiJfcHJldmlvdXMiO2E6MTp7czozOiJ1cmwiO3M6Mjg6Imh0dHA6Ly8xMjcuMC4wLjE6ODAwMC9ndWVzdHMiO31zOjY6Il9mbGFzaCI7YToyOntzOjM6Im9sZCI7YTowOnt9czozOiJuZXciO2E6MDp7fX19',1729423795);
CREATE TABLE IF NOT EXISTS "cache" ("key" varchar not null, "value" text not null, "expiration" integer not null, primary key ("key"));
CREATE TABLE IF NOT EXISTS "cache_locks" ("key" varchar not null, "owner" varchar not null, "expiration" integer not null, primary key ("key"));
CREATE TABLE IF NOT EXISTS "jobs" ("id" integer primary key autoincrement not null, "queue" varchar not null, "payload" text not null, "attempts" integer not null, "reserved_at" integer, "available_at" integer not null, "created_at" integer not null);
CREATE TABLE IF NOT EXISTS "job_batches" ("id" varchar not null, "name" varchar not null, "total_jobs" integer not null, "pending_jobs" integer not null, "failed_jobs" integer not null, "failed_job_ids" text not null, "options" text, "cancelled_at" integer, "created_at" integer not null, "finished_at" integer, primary key ("id"));
CREATE TABLE IF NOT EXISTS "failed_jobs" ("id" integer primary key autoincrement not null, "uuid" varchar not null, "connection" text not null, "queue" text not null, "payload" text not null, "exception" text not null, "failed_at" datetime not null default CURRENT_TIMESTAMP);
CREATE TABLE IF NOT EXISTS "families" ("id" integer primary key autoincrement not null, "name" varchar not null, "created_at" datetime, "updated_at" datetime);
INSERT INTO families VALUES(2,'Dona Milene - Ryan','2024-10-16 23:32:49','2024-10-17 00:21:46');
INSERT INTO families VALUES(3,'Vitor Dangelo - Ryan','2024-10-16 23:34:00','2024-10-17 00:21:59');
INSERT INTO families VALUES(4,'Lorraine Olegário - Ryan','2024-10-16 23:34:20','2024-10-17 00:22:09');
INSERT INTO families VALUES(5,'Felipe DOK - Ryan','2024-10-17 00:00:05','2024-10-17 00:32:43');
INSERT INTO families VALUES(6,'Tio Geraldo mangela - Ryan','2024-10-17 00:00:29','2024-10-17 00:32:51');
INSERT INTO families VALUES(7,'Sonia e Maguila - Ryan','2024-10-17 00:00:52','2024-10-17 00:32:59');
INSERT INTO families VALUES(8,'Maria do Ditinho - Ryan','2024-10-17 00:01:25','2024-10-17 00:32:35');
INSERT INTO families VALUES(9,'Lidiane - Letícia','2024-10-17 00:09:29','2024-10-17 00:24:58');
INSERT INTO families VALUES(10,'Família Dinho - Ryan','2024-10-17 00:18:09','2024-10-17 00:21:38');
INSERT INTO families VALUES(11,'Tia Fatinha - Ryan','2024-10-17 00:19:42','2024-10-17 00:19:42');
INSERT INTO families VALUES(12,'Joelma - Letícia','2024-10-17 00:26:29','2024-10-17 00:26:29');
INSERT INTO families VALUES(14,'Zezé - Letícia','2024-10-17 00:57:40','2024-10-17 00:57:55');
INSERT INTO families VALUES(16,'Luciana - Letícia','2024-10-17 00:58:37','2024-10-17 00:58:58');
INSERT INTO families VALUES(17,'João - Letícia','2024-10-17 00:59:58','2024-10-17 00:59:58');
INSERT INTO families VALUES(18,'Cléber - Letícia','2024-10-17 01:00:47','2024-10-17 01:00:47');
INSERT INTO families VALUES(19,'Wendel - Letícia','2024-10-17 01:01:50','2024-10-17 01:02:05');
INSERT INTO families VALUES(20,'Marlene - Ryan','2024-10-18 01:48:09','2024-10-18 01:52:16');
INSERT INTO families VALUES(21,'Irmã da marlene - Ryan','2024-10-18 01:51:51','2024-10-18 01:53:42');
INSERT INTO families VALUES(22,'Vó livramento','2024-10-18 01:52:59','2024-10-18 01:52:59');
INSERT INTO families VALUES(23,'Tia Dinha - Ryan','2024-10-18 01:53:29','2024-10-18 01:53:29');
INSERT INTO families VALUES(24,'Tio Adriano - Ryan','2024-10-18 01:54:33','2024-10-18 01:54:33');
INSERT INTO families VALUES(25,'Danilo - Ryan','2024-10-18 01:54:48','2024-10-18 01:55:54');
INSERT INTO families VALUES(26,'Tia Célia - Ryan','2024-10-18 01:55:28','2024-10-18 01:55:28');
CREATE TABLE IF NOT EXISTS "members" ("id" integer primary key autoincrement not null, "name" varchar not null, "family_id" integer not null, "created_at" datetime, "updated_at" datetime, foreign key("family_id") references "families"("id") on delete cascade);
INSERT INTO members VALUES(23,'Tia Fatinha',11,'2024-10-17 00:19:42','2024-10-17 00:19:42');
INSERT INTO members VALUES(24,'Tio Domingos',11,'2024-10-17 00:19:42','2024-10-17 00:19:42');
INSERT INTO members VALUES(25,'Kennedy',11,'2024-10-17 00:19:42','2024-10-17 00:19:42');
INSERT INTO members VALUES(26,'Namorada no Kennedy',11,'2024-10-17 00:19:42','2024-10-17 00:19:42');
INSERT INTO members VALUES(27,'Dinho',10,'2024-10-17 00:21:38','2024-10-17 00:21:38');
INSERT INTO members VALUES(28,'Branca',10,'2024-10-17 00:21:38','2024-10-17 00:21:38');
INSERT INTO members VALUES(29,'Davi',10,'2024-10-17 00:21:38','2024-10-17 00:21:38');
INSERT INTO members VALUES(30,'Dona Milene',2,'2024-10-17 00:21:46','2024-10-17 00:21:46');
INSERT INTO members VALUES(31,'Vitor',3,'2024-10-17 00:21:59','2024-10-17 00:21:59');
INSERT INTO members VALUES(32,'Daniela',3,'2024-10-17 00:21:59','2024-10-17 00:21:59');
INSERT INTO members VALUES(33,'Lorraine Olegário',4,'2024-10-17 00:22:09','2024-10-17 00:22:09');
INSERT INTO members VALUES(34,'Lidiane',9,'2024-10-17 00:24:58','2024-10-17 00:24:58');
INSERT INTO members VALUES(35,'Jefim',9,'2024-10-17 00:24:58','2024-10-17 00:24:58');
INSERT INTO members VALUES(36,'Kaique',9,'2024-10-17 00:24:58','2024-10-17 00:24:58');
INSERT INTO members VALUES(37,'Sophia',9,'2024-10-17 00:24:58','2024-10-17 00:24:58');
INSERT INTO members VALUES(38,'Joelma',12,'2024-10-17 00:26:29','2024-10-17 00:26:29');
INSERT INTO members VALUES(39,'Nei',12,'2024-10-17 00:26:29','2024-10-17 00:26:29');
INSERT INTO members VALUES(40,'Livea',12,'2024-10-17 00:26:29','2024-10-17 00:26:29');
INSERT INTO members VALUES(41,'Arthur',12,'2024-10-17 00:26:29','2024-10-17 00:26:29');
INSERT INTO members VALUES(42,'Alice',12,'2024-10-17 00:26:29','2024-10-17 00:26:29');
INSERT INTO members VALUES(43,'Maria do Ditinho',8,'2024-10-17 00:32:35','2024-10-17 00:32:35');
INSERT INTO members VALUES(44,'Ditinho',8,'2024-10-17 00:32:35','2024-10-17 00:32:35');
INSERT INTO members VALUES(45,'Felipe DOK',5,'2024-10-17 00:32:43','2024-10-17 00:32:43');
INSERT INTO members VALUES(46,'Tio Geraldo',6,'2024-10-17 00:32:51','2024-10-17 00:32:51');
INSERT INTO members VALUES(47,'Tia Conceição',6,'2024-10-17 00:32:51','2024-10-17 00:32:51');
INSERT INTO members VALUES(48,'Sonia',7,'2024-10-17 00:32:59','2024-10-17 00:32:59');
INSERT INTO members VALUES(49,'Maguila',7,'2024-10-17 00:32:59','2024-10-17 00:32:59');
INSERT INTO members VALUES(54,'Zezé',14,'2024-10-17 00:57:55','2024-10-17 00:57:55');
INSERT INTO members VALUES(55,'Ana',14,'2024-10-17 00:57:55','2024-10-17 00:57:55');
INSERT INTO members VALUES(56,'Gabriel',14,'2024-10-17 00:57:55','2024-10-17 00:57:55');
INSERT INTO members VALUES(60,'Luciana',16,'2024-10-17 00:58:58','2024-10-17 00:58:58');
INSERT INTO members VALUES(61,'Eliel',16,'2024-10-17 00:58:58','2024-10-17 00:58:58');
INSERT INTO members VALUES(62,'João',17,'2024-10-17 00:59:58','2024-10-17 00:59:58');
INSERT INTO members VALUES(63,'Larissa',17,'2024-10-17 00:59:58','2024-10-17 00:59:58');
INSERT INTO members VALUES(64,'Antony',17,'2024-10-17 00:59:58','2024-10-17 00:59:58');
INSERT INTO members VALUES(65,'Filha',17,'2024-10-17 00:59:58','2024-10-17 00:59:58');
INSERT INTO members VALUES(66,'Clebinho',18,'2024-10-17 01:00:47','2024-10-17 01:00:47');
INSERT INTO members VALUES(67,'Laureni',18,'2024-10-17 01:00:47','2024-10-17 01:00:47');
INSERT INTO members VALUES(70,'Dedel',19,'2024-10-17 01:02:05','2024-10-17 01:02:05');
INSERT INTO members VALUES(71,'Kássia',19,'2024-10-17 01:02:05','2024-10-17 01:02:05');
INSERT INTO members VALUES(83,'Marlene',20,'2024-10-18 01:52:16','2024-10-18 01:52:16');
INSERT INTO members VALUES(84,'Iris',20,'2024-10-18 01:52:16','2024-10-18 01:52:16');
INSERT INTO members VALUES(85,'Gêmeo 1',20,'2024-10-18 01:52:16','2024-10-18 01:52:16');
INSERT INTO members VALUES(86,'Gêmeo 2',20,'2024-10-18 01:52:16','2024-10-18 01:52:16');
INSERT INTO members VALUES(87,'Marido',20,'2024-10-18 01:52:16','2024-10-18 01:52:16');
INSERT INTO members VALUES(91,'Vó livramento',22,'2024-10-18 01:52:59','2024-10-18 01:52:59');
INSERT INTO members VALUES(92,'Tio Luciano',22,'2024-10-18 01:52:59','2024-10-18 01:52:59');
INSERT INTO members VALUES(93,'Tia dinha',23,'2024-10-18 01:53:29','2024-10-18 01:53:29');
INSERT INTO members VALUES(94,'Tio Luciano',23,'2024-10-18 01:53:29','2024-10-18 01:53:29');
INSERT INTO members VALUES(95,'Larissa',23,'2024-10-18 01:53:29','2024-10-18 01:53:29');
INSERT INTO members VALUES(96,'Namorado',23,'2024-10-18 01:53:29','2024-10-18 01:53:29');
INSERT INTO members VALUES(97,'Marido',21,'2024-10-18 01:53:42','2024-10-18 01:53:42');
INSERT INTO members VALUES(98,'Filho',21,'2024-10-18 01:53:42','2024-10-18 01:53:42');
INSERT INTO members VALUES(99,'Irmã da marlene',21,'2024-10-18 01:53:42','2024-10-18 01:53:42');
INSERT INTO members VALUES(100,'Tio Adriano',24,'2024-10-18 01:54:33','2024-10-18 01:54:33');
INSERT INTO members VALUES(101,'Namorada',24,'2024-10-18 01:54:33','2024-10-18 01:54:33');
INSERT INTO members VALUES(103,'Tia Célia',26,'2024-10-18 01:55:28','2024-10-18 01:55:28');
INSERT INTO members VALUES(104,'Tio Élcio',26,'2024-10-18 01:55:28','2024-10-18 01:55:28');
INSERT INTO members VALUES(105,'Hugo',26,'2024-10-18 01:55:28','2024-10-18 01:55:28');
INSERT INTO members VALUES(106,'Davi',26,'2024-10-18 01:55:28','2024-10-18 01:55:28');
INSERT INTO members VALUES(107,'Danilo',25,'2024-10-18 01:55:54','2024-10-18 01:55:54');
DELETE FROM sqlite_sequence;
INSERT INTO sqlite_sequence VALUES('migrations',5);
INSERT INTO sqlite_sequence VALUES('families',27);
INSERT INTO sqlite_sequence VALUES('members',109);
CREATE UNIQUE INDEX "users_email_unique" on "users" ("email");
CREATE INDEX "sessions_user_id_index" on "sessions" ("user_id");
CREATE INDEX "sessions_last_activity_index" on "sessions" ("last_activity");
CREATE INDEX "jobs_queue_index" on "jobs" ("queue");
CREATE UNIQUE INDEX "failed_jobs_uuid_unique" on "failed_jobs" ("uuid");
COMMIT;
